#{"t_start": 1779171662.9283006, "env_id": "None"}
r,l,t
-3.97094,500,1.254315
-103.938191,168,1.344823
-4.809372,500,2.19117
-4.031647,500,2.442138
21.076724,500,3.270077
46.666295,500,3.531116
46.943328,500,4.361001
68.291187,500,4.617202
49.064098,500,5.578882
74.112421,500,5.886409
75.502637,500,6.843424
219.547978,466,7.112017
221.086646,386,7.355084
220.218743,374,8.206693
220.262759,344,8.421234
220.570068,330,8.615285
222.197995,311,9.459787
222.656984,285,9.628897
220.952823,249,9.78925
222.346364,304,10.591075
221.673769,315,10.786182
219.674557,268,10.955204
221.293921,264,11.117275
221.045246,229,11.89961
221.842588,247,12.047225
222.716119,198,12.172323
223.169321,226,12.312843
223.561966,208,12.446437
223.104717,214,13.252017
222.397308,190,13.383136
221.525364,177,13.489189
222.440277,192,13.609972
222.791503,205,13.737508
221.570714,194,14.544234
223.064625,200,14.670354
222.305548,166,14.775519
222.054385,178,14.887035
221.62623,174,14.998548
223.642689,181,15.112646
220.869997,154,15.91445
221.737442,156,16.017037
223.009853,175,16.129597
224.723163,175,16.242305
222.806394,162,16.345059
222.057989,161,16.44747
223.839528,160,17.197795
221.942122,159,17.300128
222.784172,151,17.393472
223.160315,159,17.494491
222.969069,149,17.589666
221.667193,171,17.696109
223.925236,164,18.447422
222.492528,146,18.538212
222.342275,151,18.633909
223.696771,151,18.728363
223.511766,141,18.816402
221.959614,147,18.908475
223.230998,160,19.009569
223.072217,157,19.765486
223.265972,137,19.851928
221.975471,128,19.933498
223.233038,145,20.024758
222.96141,130,20.103909
222.08222,128,20.184139
221.796078,128,20.264047
223.155545,152,20.360829
222.657144,134,21.095659
220.945069,122,21.17095
221.846827,126,21.249627
223.414014,123,21.326444
221.771474,136,21.412996
222.926296,128,21.494065
221.974351,126,21.573547
222.637696,123,21.652739
222.076241,128,22.378233
222.394796,130,22.461184
221.801561,127,22.540859
222.64672,124,22.619408
222.41211,128,22.701896
222.369791,121,22.778033
222.713639,118,22.854168
222.028347,127,22.933379
222.315328,119,23.659621
222.549492,123,23.738719
223.064583,119,23.814056
222.87893,127,23.894551
222.176223,114,23.967793
222.142396,117,24.041668
222.999237,122,24.118723
222.432389,118,24.190788
223.48438,124,24.266833
222.941043,117,24.991666
221.558898,122,25.067813
222.323162,116,25.142678
221.33809,116,25.215948
221.022076,113,25.288184
221.322353,114,25.36047
221.480482,113,25.432851
221.887318,114,25.504397
221.737154,116,26.234882
222.38997,115,26.306882
222.30427,116,26.380392
222.201317,116,26.453911
222.025026,115,26.52593
222.717804,122,26.602418
221.834035,119,26.67793
221.167276,115,26.750439
222.645128,114,26.822445
222.536417,115,27.543272
222.183454,113,27.614276
220.986171,110,27.684783
222.911192,115,27.773294
221.88109,111,27.843473
222.139011,114,27.915475
222.513513,111,27.984985
221.847683,116,28.057495
222.216798,113,28.128099
221.284771,114,28.851792
222.695004,111,28.921795
221.925673,110,28.992301
222.577193,114,29.063813
222.661057,114,29.136327
222.513718,113,29.20793
221.276464,110,29.279022
223.245555,112,29.34953
221.733208,113,29.422533
221.961372,115,30.147781
221.696044,110,30.217785
222.422426,109,30.28629
222.718712,110,30.3568
222.070364,109,30.424801
221.924881,109,30.493311
222.086598,110,30.564037
222.274982,111,30.633546
222.620116,111,30.704546
221.534456,107,30.772147
222.447863,111,31.491149
222.641844,111,31.561661
221.69084,108,31.630969
222.554785,112,31.701968
220.822131,108,31.77058
221.501185,110,31.839184
222.718887,111,31.908186
222.632163,107,31.976103
222.302691,110,32.044781
221.580733,107,32.759357
222.572027,109,32.827956
222.686646,111,32.898009
222.697947,111,32.969607
222.280747,108,33.037029
222.916681,111,33.10703
221.635125,108,33.17554
222.115922,109,33.245608
222.450488,109,33.312699
222.820387,111,34.029022
222.336267,107,34.09744
222.063696,107,34.165047
222.382002,107,34.234229
220.88288,107,34.302229
222.527575,111,34.371741
222.356649,107,34.43825
222.07976,109,34.507352
222.486617,108,34.575037
222.016565,107,34.643548
222.231035,106,35.358207
221.815682,107,35.42621
222.328696,108,35.494812
221.659521,107,35.562417
221.553477,107,35.63321
221.242783,104,35.699588
221.830374,106,35.766751
222.412174,108,35.833351
221.355979,104,35.899348
221.555759,106,35.966868
221.859604,106,36.685567
222.186744,107,36.754076
222.955505,110,36.824077
222.095824,108,36.890583
222.351382,107,36.957096
221.984098,105,37.023175
221.524492,107,37.090681
221.435046,105,37.157189
221.846154,105,37.224261
222.705144,108,37.939628
221.52761,106,38.006629
221.023248,104,38.072142
221.656447,105,38.137651
222.157114,107,38.205649
221.896228,108,38.271157
221.855436,106,38.337667
222.48678,109,38.406173
221.341136,106,38.473194
221.660847,105,38.537818
221.071541,104,39.256364
221.553843,107,39.325368
221.826217,105,39.388962
221.992352,105,39.454382
222.175355,106,39.520386
222.266052,107,39.587896
222.316502,107,39.656406
221.985287,106,39.72241
221.81655,107,39.789916
222.330869,107,40.508416
221.72181,105,40.575096
221.771656,106,40.64161
222.356457,105,40.70761
222.120033,106,40.774117
221.799277,105,40.840104
221.578721,105,40.907104
221.864075,106,40.972614
222.759316,106,41.038124
221.592607,105,41.105186
222.41379,106,41.81845
222.159653,105,41.884961
221.48198,104,41.951475
222.075255,105,42.018079
221.099727,104,42.083591
221.304713,104,42.15018
221.792757,104,42.216252
221.817023,104,42.281808
222.69299,107,42.350316
222.350267,106,42.417318
221.96876,106,43.132416
222.301834,106,43.200925
222.124477,105,43.266436
222.039239,104,43.332438
221.506072,105,43.397944
222.154652,106,43.465038
221.526805,105,43.53204
221.716513,104,43.597705
221.936734,105,43.664214
222.054873,105,43.728305
221.935405,105,44.45551
221.671585,104,44.519624
222.190988,106,44.58664
222.448726,107,44.652151
222.280532,104,44.723159
221.37984,104,44.788663
222.137164,105,44.856176
221.875612,105,44.923182
222.206298,106,44.989687
222.330534,106,45.707285
222.078532,108,45.775794
221.671138,105,45.842303
222.405984,105,45.908304
221.32011,103,45.971812
221.567166,103,46.036323
221.837357,105,46.102323
221.547412,104,46.168837
222.338419,105,46.235339
222.272214,106,46.302344
220.843267,104,47.018814
222.490551,108,47.088416
222.028206,104,47.154835
222.535516,106,47.221839
222.678724,106,47.289435
222.16096,105,47.356856
222.518968,106,47.423969
222.180917,106,47.492479
222.403027,106,47.559995
222.143121,105,47.627271
222.437059,105,48.34407
221.897755,104,48.410069
222.192049,105,48.476576
221.689376,105,48.542209
222.748922,106,48.609978
221.657987,103,48.675531
222.162714,104,48.742129
221.723005,103,48.807131
221.926518,105,48.873641
221.712363,105,48.940148
222.619227,106,49.660263
222.603738,104,49.726265
222.534304,105,49.791772
222.2032,106,49.857818
222.187437,105,49.922819
221.905685,104,49.989325
221.720411,104,50.054834
222.534328,105,50.119835
222.18339,105,50.186345
222.237455,105,50.91002
222.675041,106,50.976538
221.999027,104,51.041055
222.17372,105,51.107107
222.215845,104,51.168613
222.161177,104,51.232616
222.53136,105,51.298123
222.356818,105,51.363634
222.02731,104,51.430634
222.167081,104,51.49514
222.491796,106,52.211885
222.66914,105,52.278347
221.955304,104,52.345361
222.521252,106,52.411841
222.490619,104,52.478278
222.676998,106,52.545912
222.737947,106,52.611424
222.12189,105,52.677935
222.593134,105,52.743959
222.265621,105,52.81096
222.693259,105,53.530039
222.202582,104,53.596498
222.009466,104,53.662009
221.685385,103,53.727011
222.363257,105,53.794156
222.167579,104,53.859665
221.842709,104,53.925669
222.276197,106,53.993175
221.653468,103,54.059686
221.840271,105,54.125689
221.39484,103,54.839791
222.129416,104,54.90479
222.230899,106,54.970302
222.12346,104,55.036304
22.639703,500,55.353418
222.588197,105,55.419418
222.193849,104,56.138244
222.412072,105,56.205249
222.209173,105,56.272756
221.532221,102,56.336759
222.486398,105,56.403269
221.310526,103,56.467867
222.046441,104,56.533976
222.278871,104,56.599907
222.196162,104,56.667419
221.562964,102,56.732421
221.14928,102,57.445626
222.466057,105,57.510627
222.033964,104,57.576136
222.069098,104,57.64165
222.806943,106,57.70965
221.859265,103,57.775158
222.351337,104,57.840672
222.068287,104,57.906673
222.019128,104,57.972196
221.456992,102,58.038197
222.019739,104,58.752304
222.655324,105,58.819304
222.538277,106,58.886833
222.147364,104,58.952342
222.79242,105,59.018342
222.033947,103,59.083851
221.921033,104,59.149448
221.820643,103,59.21536
221.971503,102,59.279869
221.500695,103,60.004436
222.294886,104,60.069944
222.343425,105,60.136948
221.88652,103,60.201456
221.846456,103,60.265968
221.813615,104,60.331973
221.262405,102,60.39548
222.132418,104,60.460991
221.508012,103,60.526502
222.132088,104,60.592012
222.113902,104,61.309665
221.514142,102,61.375174
221.602016,102,61.440685
221.773508,103,61.505685
221.647442,103,61.572217
222.58693,104,61.638205
222.016239,103,61.702857
222.50706,104,61.769368
222.109875,104,61.834371
221.334089,102,61.89888
221.246814,103,62.617512
22.542608,500,62.933055
222.660056,105,62.999565
222.435035,105,63.067076
221.651092,104,63.133081
221.744535,103,63.499785
222.139323,104,64.21592
222.220303,104,64.282436
222.24845,104,64.347948
222.099658,104,64.414948
221.864755,103,64.480001
221.944905,104,64.545138
222.159143,103,64.609649
222.019228,104,64.67516
222.431104,105,64.742672
222.601124,105,64.809672
222.072968,103,65.526739
222.012296,103,65.591738
222.392761,104,65.657929
221.339708,102,65.722929
221.725796,103,65.789009
221.815082,103,65.854069
222.339655,104,65.920924
222.283207,104,65.986784
222.904716,105,66.053803
221.500937,102,66.118804
221.701109,102,66.831568
222.02884,103,66.897075
221.699556,103,66.963647
221.896446,103,67.029204
222.262113,104,67.094711
222.263622,105,67.162221
222.328519,104,67.227263
221.971921,103,67.292771
222.121095,105,67.3603
221.917891,103,67.426319
222.320017,104,68.142915
222.238989,103,68.208423
222.060303,103,68.274933
221.805853,103,68.340939
222.228539,103,68.406446
222.07902,103,68.471956
222.675618,104,68.536471
222.746787,105,68.603948
221.410802,102,68.667458
221.46393,102,68.732462
222.674089,105,69.446778
221.893481,104,69.514779
221.907141,103,69.581291
222.280064,104,69.6478
222.287438,104,69.7128
222.325265,104,69.77931
222.022083,104,69.844387
222.789547,105,69.912477
222.257992,105,69.976897
222.585855,104,70.042402
222.425839,105,70.762012
222.653995,105,70.829015
222.161284,104,70.894521
222.437757,104,70.961034
222.044686,103,71.027034
221.762202,103,71.092609
221.73909,103,71.158121
222.129328,103,71.223119
222.470604,104,71.287726
222.804662,105,71.355143
221.911875,104,72.071252
222.276493,104,72.137255
222.394662,104,72.203762
222.083327,103,72.269815
222.941112,106,72.337819
222.704436,105,72.403494
222.912488,105,72.471051
222.637686,105,72.538668
222.969457,106,72.604173
222.10991,103,73.318926
221.742637,103,73.383433
222.378493,104,73.449041
222.764198,105,73.516039
223.084671,106,73.584781
222.152798,104,73.650518
221.646945,102,73.714519
222.298753,104,73.780027
222.345276,104,73.846331
221.695172,103,73.911333
221.771163,103,74.6267
222.527461,106,74.693808
222.557548,105,74.759404
222.615356,106,74.827404
222.041453,104,74.893915
222.050036,103,74.959423
222.147701,103,75.024423
222.905928,107,75.091933
222.883576,105,75.157441
222.065835,104,75.223441
222.959959,105,75.932365
222.481192,104,75.998869
222.070444,104,76.065391
222.98188,106,76.133394
223.371202,107,76.200903
222.818726,105,76.269506
222.806689,105,76.335505
223.036583,106,76.403013
222.345064,104,76.468522
222.635749,105,76.532614
223.311977,107,77.250553
223.175199,107,77.317555
223.074609,106,77.383062
223.228355,106,77.450097
222.77051,105,77.516646
222.431962,104,77.582635
222.752257,105,77.649143
222.22442,104,77.713146
222.577775,105,77.779653
222.727383,105,78.495827
223.001726,106,78.562845
222.722464,105,78.630847
222.919917,105,78.697898
222.346047,104,78.762408
222.747142,104,78.826418
223.003521,105,78.89334
223.100953,107,78.960897
223.13899,106,79.027408
222.678506,105,79.093915
222.751816,105,79.815722
222.480151,104,79.882307
222.493973,104,79.947818
222.840178,105,80.015818
222.268887,103,80.081326
222.796734,105,80.147928
222.728204,106,80.213836
223.025316,105,80.279357
223.340977,106,80.346864
222.486945,104,80.410867
222.946703,105,81.127524
222.210973,104,81.193537
221.980381,103,81.258045
221.681379,102,81.322046
222.229158,103,81.385555
223.23829,106,81.453064
222.782708,105,81.519064
221.734881,103,81.583578
222.812879,105,81.650739
222.43423,103,81.716739
222.512665,104,82.432438
223.500428,107,82.499951
222.235636,105,82.5656
222.294176,103,82.628104
222.097129,103,82.694613
222.679393,105,82.761124
222.565233,104,82.827123
222.425377,104,82.89285
222.294213,104,82.959552
222.191563,104,83.024565
222.57178,104,83.739708
222.79498,105,83.805213
221.642888,102,83.868812
222.620151,104,83.934815
222.01598,103,83.999321
222.245591,105,84.065835
221.781162,104,84.131833
222.676869,105,84.197341
222.953315,107,84.26494
221.973184,103,84.978943
221.504967,103,85.044948
222.944186,105,85.111451
222.215917,104,85.17696
222.344126,104,85.242963
222.519426,104,85.308469
222.436918,104,85.37564
221.728096,103,85.439706
221.98765,102,85.503718
222.131291,103,85.569234
45.345365,500,86.538679
221.77247,102,86.603669
221.994414,103,86.669035
222.180174,104,86.735038
222.433374,104,86.800543
222.076317,103,86.865052
221.873058,103,87.583264
222.095276,103,87.649778
222.558415,104,87.716116
222.498618,104,87.781623
222.59833,105,87.848624
221.995079,103,87.913131
223.072169,106,87.979642
222.518818,104,88.043647
222.62103,104,88.10915
221.566781,104,88.17566
222.25149,103,88.888496
222.548715,104,88.954006
222.24402,104,89.019007
222.152612,103,89.084515
222.735723,104,89.15002
222.342681,103,89.216022
222.342695,103,89.281533
222.337987,104,89.347535
222.540522,104,89.414402
222.342129,103,89.477913
222.325201,104,90.208294
222.513763,104,90.273804
222.997827,105,90.339808
222.365017,104,90.406316
222.706129,104,90.471826
222.177817,103,90.536456
222.019141,103,90.601964
221.85688,103,90.667477
222.047981,103,90.733477
221.933333,103,90.796988
221.253348,102,91.513102
223.202832,106,91.579116
221.933656,104,91.643119
222.281269,104,91.710143
222.354659,104,91.775653
222.360676,103,91.842443
222.948913,106,91.910573
222.352026,104,91.977648
222.838498,105,92.043652
221.941307,104,92.110157
223.020784,105,92.827347
222.648303,105,92.891861
222.511524,105,92.95837
222.192354,103,93.024371
222.175327,103,93.09088
222.409127,103,93.15639
222.758792,104,93.22239
221.916314,103,93.288899
222.578339,103,93.352407
221.856825,103,93.416409
222.329558,104,94.135972
222.456418,104,94.201482
45.291224,500,94.514642
222.532307,104,94.581867
222.354138,104,94.647866
222.056873,103,94.713373
222.187123,104,95.42695
223.113716,106,95.493464
222.915796,106,95.560631
222.239361,104,95.626612
222.844409,105,95.693122
222.016215,103,95.759633
223.207228,106,95.826634
222.486858,104,95.893144
222.903041,105,95.959658
222.388306,104,96.025658
222.568117,105,96.751566
221.31105,103,96.818074
222.497641,104,96.884593
222.664436,104,96.948237
222.921527,104,97.015365
222.361457,104,97.080875
221.859086,104,97.14688
221.555602,104,97.211391
222.39084,104,97.277484
222.960456,106,97.995857
221.947093,103,98.060365
222.876636,106,98.128366
223.060515,105,98.194881
222.397642,103,98.260391
222.320188,104,98.32861
222.752538,105,98.395179
222.651916,104,98.461199
221.793481,103,98.525314
222.5023,104,98.591794
221.847848,103,99.308382
222.632002,105,99.374897
222.590555,105,99.442899
222.336789,105,99.509408
222.708328,105,99.576917
222.668123,104,99.64092
222.76145,105,99.708038
221.950418,103,99.77424
222.76568,104,99.840245
221.994808,103,99.905751
222.264446,103,100.626503
222.47372,104,100.692019
222.846118,105,100.758532
221.99079,103,100.825532
222.837396,105,100.892212
222.472118,103,100.956725
222.379078,103,101.022725
222.45711,104,101.088811
222.775608,105,101.155319
223.14464,105,101.222322
222.404352,104,101.93797
222.37815,104,102.003505
222.374931,104,102.070017
221.232326,102,102.135017
222.472928,104,102.201533
222.334322,103,102.268047
222.811534,104,102.334047
222.662271,104,102.402245
222.314107,103,102.473516
222.046835,103,102.575745
222.306012,104,103.331529
223.259077,106,103.398581
222.269585,104,103.463688
222.352554,103,103.528687
221.752242,102,103.593256
222.386422,104,103.659763
222.562389,104,103.726764
221.933157,103,103.791908
222.448775,104,103.858504
222.882772,105,103.926013
222.056856,103,104.640585
222.44196,103,104.705708
221.929843,103,104.770761
222.109516,103,104.83602
222.02541,103,104.901017
221.557314,103,104.96555
221.971408,102,105.027548
222.480649,103,105.094062
222.23374,103,105.159163
222.469756,104,105.225605
222.772375,104,105.93468
222.813777,104,106.000749
222.574797,104,106.066802
221.523119,102,106.132802
221.289802,101,106.196959
221.931359,102,106.261471
222.537699,103,106.327471
222.329711,103,106.392982
221.860088,102,106.457986
222.603546,104,106.523668
222.310797,104,107.235688
222.651306,104,107.300879
222.274674,103,107.365933
222.630517,104,107.429951
222.664154,104,107.495995
222.185199,104,107.561125
221.996705,103,107.625105
222.209326,103,107.69021
222.533764,104,107.754215
221.955718,103,108.471931
222.262118,104,108.536442
222.030189,103,108.601951
221.928757,102,108.666023
222.764236,104,108.732025
222.110061,103,108.797084
222.031117,103,108.863193
221.847611,102,108.928192
222.156495,103,108.994253
222.123039,103,109.060253
222.216188,103,109.777758
221.868764,103,109.843754
222.339336,103,109.910632
222.525343,104,109.977144
221.821051,103,110.041144
222.264869,103,110.105655
222.402641,104,110.172167
222.073096,103,110.237168
222.648623,105,110.301678
222.361737,104,110.366186
222.258115,103,111.079917
222.293718,103,111.145918
222.212834,103,111.210426
221.475829,102,111.275936
221.726468,103,111.339658
222.227512,104,111.404286
222.0559,102,111.467799
222.005256,103,111.532797
222.456831,104,111.597111
221.620268,102,111.661111
222.789205,105,112.380992
221.544168,102,112.444993
222.700864,104,112.511615
221.913856,103,112.577206
222.456251,104,112.644208
221.39482,103,112.709717
222.354399,104,112.775224
222.793886,104,112.841224
221.742348,102,112.90471
222.272272,103,112.968222
222.714116,103,113.688195
222.274146,103,113.754198
222.437832,103,113.818706
222.364968,104,113.885216
222.231718,103,113.95031
222.019499,103,114.015725
44.756366,500,114.983485
222.320335,103,115.049504
221.561905,102,115.11401
222.342915,104,115.179518
222.621399,104,115.245517
221.890708,102,115.308026
222.557268,105,115.373536
222.084358,103,115.438534
222.045697,103,115.504044
223.370911,106,115.570555
222.100129,103,116.290951
222.484087,104,116.357957
221.978381,102,116.422121
23.390642,500,116.73827
222.854276,105,116.804781
222.414863,104,116.87129
222.821442,104,117.594465
222.051343,103,117.660468
222.226714,103,117.725979
223.181189,105,117.794327
223.132656,106,117.860883
222.996691,105,117.927896
221.836567,102,117.991409
222.4968,104,118.057408
222.575958,104,118.123915
222.333626,103,118.188426
222.372136,103,118.90368
221.820744,103,118.968191
22.219921,500,119.283796
221.930509,102,119.347795
222.211336,103,119.413302
221.788654,103,119.478813
222.265107,103,120.202085
222.38539,103,120.267593
223.139789,105,120.334593
222.024394,102,120.399645
221.645699,102,120.464647
222.335852,104,120.529663
221.758166,103,120.594959
222.28404,103,120.660961
223.209568,106,120.728089
222.947544,105,120.795601
222.55435,103,121.51422
222.567745,104,121.579793
221.531891,102,121.644793
221.927184,104,121.711303
222.145598,103,121.775814
222.481676,104,121.841814
222.630703,104,121.908322
222.818133,104,121.97389
222.251085,103,122.038904
222.432939,104,122.105047
221.947069,103,122.823765
222.74506,104,122.889277
221.687793,102,122.95428
222.543022,104,123.019785
221.703089,102,123.082294
223.002905,105,123.147293
222.814165,104,123.212806
222.526356,104,123.279317
221.861568,103,123.344319
222.316302,103,123.40848
222.342892,103,124.120045
222.740292,104,124.186553
222.678812,105,124.254433
222.553492,104,124.320214
222.982655,104,124.386239
222.588001,104,124.451239
222.634923,104,124.516263
221.826605,102,124.580841
222.777526,105,124.646841
222.326314,104,124.713353
222.240928,104,125.427348
222.292807,104,125.49086
222.381255,103,125.555866
222.513633,105,125.622863
222.517717,104,125.688373
222.726929,104,125.754376
223.185108,105,125.820882
222.138481,103,125.887396
222.496282,104,125.953397
221.547953,102,126.667515
222.704771,105,126.732514
222.599069,104,126.799025
222.226251,103,126.864028
222.923157,106,126.931533
222.792562,106,126.999094
222.055739,103,127.064098
222.665661,104,127.435763
223.38457,106,127.502882
222.699716,104,127.569915
223.057949,105,128.28
222.561803,104,128.346
221.972517,103,128.410515
222.217914,103,128.473021
222.152277,104,128.537532
222.25978,104,128.604372
222.4012,103,128.669942
221.890353,102,128.73345
223.196414,106,128.799959
222.605099,104,128.866964
223.049087,105,129.582406
222.54199,103,129.646406
222.419787,104,129.711915
222.441922,104,129.777425
44.904242,500,130.093956
221.98445,103,130.159961
222.652015,104,130.878188
222.59253,105,130.945188
222.218528,104,131.009697
221.915044,103,131.073249
222.895807,105,131.139251
223.267802,105,131.207312
222.441485,104,131.271823
223.333798,107,131.339824
223.017115,105,131.406332
222.680686,105,131.472844
221.833898,102,132.188857
222.192327,104,132.254857
223.007323,105,132.322364
222.582641,105,132.388874
222.480491,104,132.454878
222.562622,104,132.521438
222.3445,104,132.585947
222.355666,104,132.650947
223.062152,105,132.718458
222.472103,104,132.784969
223.004721,105,133.502262
221.841027,103,133.567266
222.482308,104,133.632767
222.175519,103,133.697277
222.107498,103,133.761279
221.962462,103,133.826786
221.392465,101,133.890296
222.803222,104,133.9563
222.361243,104,134.022804
221.309933,102,134.087314
223.0238,105,134.800184
222.744952,104,134.865188
222.567044,103,134.929693
222.798873,105,134.993206
222.292899,104,135.05942
221.99626,102,135.123168
222.683772,103,135.188187
221.975401,103,135.254185
222.300472,103,135.320695
222.580897,104,135.387203
222.436615,104,136.101076
222.742587,104,136.16708
222.710493,104,136.23359
222.225851,103,136.299095
222.248993,102,136.364099
222.627018,104,136.43161
221.761256,103,136.496126
222.724465,105,136.562739
222.292678,102,136.62675
222.339177,103,136.69326
222.77397,104,137.410503
222.537809,104,137.476578
222.282624,103,137.54158
222.277255,104,137.606118
222.81025,104,137.670625
222.486386,103,137.73463
222.753676,104,137.80114
223.040808,105,137.867142
222.695088,104,137.933648
222.454636,104,138.648891
221.959293,102,138.714418
222.462962,103,138.779927
222.707274,104,138.845928
222.704689,104,138.912081
222.471371,103,138.977188
222.313731,104,139.043188
222.246568,103,139.108287
222.908696,105,139.176799
222.577344,103,139.241797
222.570064,104,139.959742
222.797267,104,140.026252
222.726807,104,140.092776
222.82729,104,140.160284
223.026773,104,140.224791
222.672112,105,140.291301
222.835754,104,140.358303
222.980709,105,140.42581
222.771819,104,140.492324
222.61522,104,140.558426
222.401788,104,141.272189
222.640929,104,141.336192
223.464761,106,141.403704
222.959748,105,141.469708
222.7703,104,141.536943
221.932241,102,141.599945
222.502889,104,141.667508
223.078885,105,141.734014
222.447548,103,141.800524
222.273719,103,141.866526
222.155895,103,142.581013
222.719655,104,142.645008
222.680919,104,142.710519
222.851845,104,142.775033
222.19029,103,142.841032
222.925944,104,142.905639
223.028811,105,142.971642
222.583716,104,143.037678
222.456948,103,143.104187
222.51748,104,143.170191
222.684549,104,143.889298
222.582707,103,143.954297
222.266513,103,144.018806
222.368086,103,144.083891
222.317651,103,144.149891
222.623573,104,144.21603
222.028093,102,144.281359
222.740161,104,144.347359
221.813721,102,144.411867
222.559049,103,144.476126
222.452249,103,145.193703
222.461156,103,145.258701
222.665892,104,145.324788
222.904235,105,145.39184
222.210608,102,145.455842
222.778612,105,145.521349
222.59482,104,145.586992
222.276839,103,145.652505
222.08862,103,145.718103
223.004801,105,145.785199
222.627827,104,146.501799
222.909642,105,146.568311
222.469727,103,146.634338
222.136104,103,146.697848
223.264857,106,146.764853
221.731843,102,146.828029
222.291638,103,146.894094
222.635112,104,146.960097
222.75426,104,147.026353
223.065869,105,147.740782
222.672464,104,147.806859
222.530963,104,147.873864
222.607784,104,147.938917
221.756945,102,148.006071
222.273123,103,148.071545
222.360199,103,148.137127
222.185415,103,148.202692
222.337015,104,148.268697
222.264458,103,148.334203
222.053246,103,149.048883
222.670391,104,149.115941
221.782473,102,149.181023
221.612198,102,149.247022
221.727823,102,149.312074
221.974719,102,149.377077
22.171129,500,150.354486
221.539088,102,150.419995
221.884343,102,150.484508
222.607554,103,150.549632
222.062168,102,150.615203
221.90984,102,150.680716
222.309656,103,150.743714
222.555792,104,150.809224
222.701152,104,150.875228
222.454639,103,150.940735
222.463468,104,151.654074
222.075615,102,151.718585
222.838698,105,151.785689
222.493486,104,151.851731
221.981645,103,151.916242
222.209724,103,151.980821
222.337572,103,152.046821
222.731096,104,152.112332
222.357382,103,152.176336
222.736156,104,152.240843
222.587227,104,152.960769
222.221895,102,153.026278
222.273601,102,153.090431
22.676299,500,153.403961
222.73492,104,153.469965
222.41476,103,153.532472
223.072041,105,154.250187
222.045622,103,154.3147
222.040099,103,154.381209
222.374909,104,154.447209
222.870809,105,154.51423
222.534757,104,154.577307
223.146277,105,154.645384
222.973513,105,154.711893
223.083443,105,154.779404
222.0524,103,154.84325
222.858241,104,155.55783
222.623466,104,155.624372
223.16629,105,155.689878
223.012205,105,155.756878
223.463212,106,155.823391
223.125611,105,155.890899
222.720144,104,155.956899
222.726189,104,156.023942
222.824114,104,156.08945
222.877391,105,156.15445
223.117823,105,156.874621
222.610532,103,156.94113
223.42218,106,157.008701
222.974753,105,157.074706
222.681244,104,157.141215
222.709673,104,157.206551
222.455359,104,157.269618
222.797433,105,157.335126
222.358745,103,157.400642
222.804589,105,157.466657
222.704261,104,158.186273
223.129244,106,158.252274
223.08206,105,158.317782
223.012942,105,158.383836
22.686257,500,158.702936
222.625952,104,158.767936
223.142219,105,159.488959
221.98803,102,159.553618
222.605601,104,159.61913
223.315089,106,159.684637
222.616568,104,159.750638
223.667021,107,159.818148
222.393621,103,159.883658
223.439723,106,159.951659
222.311687,104,160.018172
222.599944,104,160.083682
222.755964,104,160.805274
222.693959,104,160.871504
222.655028,103,160.936784
223.135869,105,161.004812
222.652553,104,161.070635
222.788625,104,161.137651
222.597722,104,161.20316
222.857305,104,161.269162
222.564187,103,161.335393
223.254703,105,162.058394
222.761405,104,162.125906
222.556053,104,162.192417
222.754368,104,162.258415
222.321208,103,162.323941
222.799107,104,162.390456
222.186577,102,162.455457
223.648249,107,162.523558
222.82203,104,162.590067
223.423591,106,162.657067
222.617465,103,163.370356
222.746952,104,163.43677
222.445319,103,163.501284
221.777339,102,163.56629
221.793305,101,163.629898
222.717649,103,163.694909
222.344086,103,163.760415
222.291796,103,163.825926
222.054685,102,163.889417
222.62324,103,163.955417
222.611503,103,164.671251
222.324315,103,164.736756
222.25649,103,164.803269
221.374126,101,164.865269
221.70431,102,164.928841
222.702259,103,164.994352
221.954855,102,165.057353
222.621997,104,165.121399
222.182305,103,165.186911
221.655453,102,165.250911
222.621886,103,165.972039
221.978769,102,166.035547
221.520149,101,166.100056
221.866935,102,166.165057
222.2755,103,166.230566
222.102045,102,166.296073
221.968124,102,166.361073
222.138634,103,166.426582
222.730584,104,166.493106
222.109565,103,166.558616
222.082969,102,167.27563
222.292463,102,167.341136
222.748409,104,167.407247
222.707406,104,167.473934
222.361633,103,167.539187
221.594397,102,167.603324
222.598015,104,167.669324
222.339597,104,167.735834
222.208916,103,167.801342
221.892402,102,167.866347
221.964979,103,168.580742
222.442256,104,168.647247
222.349952,103,168.712848
222.440949,103,168.777853
222.330175,103,168.843361
221.938552,103,168.908873
221.255845,102,168.973875
221.851761,102,169.039893
222.676766,104,169.105405
222.511263,103,169.171501
221.853042,102,169.887702
222.245661,103,169.951701
222.362056,103,170.017212
222.60999,103,170.083212
222.607414,104,170.149719
222.367197,103,170.215228
221.819678,102,170.280231
222.116993,103,170.345738
222.187519,103,170.411251
222.103038,103,170.477254
222.540806,104,171.192991
222.205501,102,171.257991
221.999947,102,171.3225
222.925109,105,171.388012
221.935032,102,171.453012
222.506376,104,171.519523
222.326441,103,171.583526
222.312377,103,171.650031
222.302776,103,171.716067
222.589538,104,171.782787
222.438646,103,172.500685
222.139656,102,172.565784
222.562073,104,172.631799
221.785949,103,172.69731
222.555299,104,172.762307
222.368111,103,172.826816
222.286095,103,172.893225
222.209442,102,172.959223
221.543237,102,173.024732
222.29523,103,173.09025
222.407015,103,173.803356
222.673223,104,173.868358
222.479181,103,173.932868
222.041114,102,173.996818
222.312571,103,174.062389
222.599527,103,174.128899
222.198868,103,174.194408
222.744322,104,174.259408
222.058509,102,174.324919
222.721738,104,174.390927
222.818833,105,175.105525
222.152843,102,175.169523
222.766261,104,175.235031
222.865788,104,175.301543
223.167776,105,175.368543
223.39893,106,175.437051
222.807067,104,175.502562
222.122302,103,175.566566
222.234223,103,175.632159
222.255078,103,175.696669
222.646353,104,176.411671
222.549541,103,176.473674
222.875129,104,176.540689
222.534776,104,176.606111
223.143023,105,176.673112
222.942669,104,176.739198
222.179063,102,176.802709
222.777325,104,176.867709
222.647376,104,176.934222
222.678979,104,177.000793
222.265172,104,177.718084
222.853793,104,177.783086
222.624179,104,177.847593
222.982489,105,177.913105
222.67483,104,177.978108
223.147899,105,178.041614
222.136404,102,178.107125
222.807289,104,178.173123
222.281373,103,178.238631
222.776994,104,178.956049
222.270923,103,179.020179
221.730844,102,179.084204
222.779206,104,179.150711
222.737314,104,179.216222
222.50732,103,179.280228
222.805151,104,179.345736
45.672272,500,180.310351
221.690073,102,180.374351
222.749823,104,180.444584
-2.865175,500,180.760936
222.915912,104,180.827446
223.140738,105,180.893956
223.40182,106,181.606861
223.536939,106,181.674861
222.810172,104,181.740374
222.782987,104,181.805975
222.875139,104,181.871987
222.412915,103,181.935148
222.748075,104,182.001719
223.351232,106,182.067717
222.995411,105,182.134317
222.377769,103,182.852656
222.64082,104,182.919168
222.597627,103,182.98417
222.880654,104,183.049676
222.802731,104,183.114188
-2.216295,500,183.427827
222.539427,103,184.140401
222.982891,104,184.207003
222.065844,102,184.271
222.107615,102,184.334511
223.025901,105,184.401023
222.607367,103,184.466022
222.411167,103,184.530627
222.599028,104,184.596212
222.689559,104,184.662883
222.813054,104,184.730309
222.82341,104,185.445759
222.66632,104,185.510269
221.966121,102,185.573275
222.938556,105,185.640265
222.43307,103,185.704775
221.928631,103,185.770865
222.999917,105,185.836373
222.538605,104,185.902885
222.72796,104,185.968979
222.256025,103,186.033996
222.511451,103,186.749802
222.543558,104,186.815313
223.418566,106,186.883318
223.187946,106,186.951484
223.063526,105,187.018795
222.639877,104,187.083797
223.075144,106,187.150303
222.564893,104,187.21682
222.50771,104,187.28288
223.171121,106,187.350387
223.054078,105,188.068411
223.076506,105,188.134923
222.797894,105,188.200436
222.810601,104,188.264434
222.344815,103,188.329536
222.554415,104,188.396051
222.822516,104,188.461051
222.87377,104,188.526662
222.993236,105,188.592624
222.513749,104,188.659135
222.518917,104,189.372252
222.553351,104,189.438762
221.96298,103,189.503828
222.994855,105,189.57083
222.791154,104,189.636945
222.346679,103,189.703004
222.840218,105,189.771004
222.390312,103,189.836517
222.548843,104,189.904026
222.997845,104,189.970117
222.712361,104,190.690754
223.299368,105,190.755822
222.965954,105,190.82296
222.794234,104,190.889023
223.254206,106,191.244209
222.803949,105,191.304337
222.959279,105,191.370847
222.725522,103,191.436359
222.752135,104,191.500503
222.579514,104,192.214092
222.636726,103,192.280094
223.078041,105,192.347169
222.456614,103,192.412257
222.405535,103,192.477256
223.084846,105,192.544439
223.06614,105,192.609502
223.306883,106,192.677132
222.740436,104,192.743643
222.490838,103,192.808763
222.147036,103,193.527361
222.634461,104,193.591446
222.211961,103,193.657571
222.810383,104,193.724087
222.476376,104,193.790093
223.044718,104,193.856601
222.41851,103,193.922666
222.564438,103,193.98767
223.20644,105,194.05473
222.761443,104,194.120242
223.08856,105,194.838294
221.830178,102,194.903805
222.900273,106,194.97187
222.469734,103,195.038383
222.275312,103,195.102892
-2.449541,500,195.418429
222.641003,104,196.173908
222.993914,105,196.23942
222.228838,102,196.30193
222.505601,103,196.367931
222.617298,103,196.433444
222.873131,104,196.499954
222.287521,103,196.564461
222.097413,103,196.628545
222.274916,103,196.700059
44.814888,500,197.66117
222.3334,103,197.72904
222.708587,104,197.794094
222.84103,104,197.860108
222.131656,102,197.925726
222.804086,104,197.990731
222.327488,102,198.055825
223.083251,105,198.776674
222.514058,103,198.842184
222.759276,104,198.907697
223.131687,105,198.973699
223.321973,105,199.039208
222.888726,104,199.105718
222.689233,104,199.172718
223.126497,105,199.239308
223.183809,105,199.305485
222.421689,103,199.371485
222.545124,104,200.09037
222.591456,103,200.155513
222.326706,103,200.221115
222.76061,104,200.284115
222.822267,104,200.350626
222.568722,103,200.416136
222.417124,103,200.479137
222.280384,103,200.544742
222.673591,103,200.6142
222.037406,102,200.6782
222.926531,104,201.395767
222.304979,103,201.461272
222.100185,102,201.526784
222.741004,104,201.591788
222.190345,102,201.655298
222.834387,104,201.720371
222.053704,102,201.784371
222.599723,104,201.84988
222.415749,103,201.916388
222.386251,103,201.981454
222.806129,104,202.697938
221.814914,102,202.762328
222.262272,103,202.826837
222.405094,103,202.892492
222.012604,102,202.956998
222.039006,102,203.02051
222.195703,103,203.083508
221.537738,102,203.148016
222.391707,103,203.213526
221.366214,101,203.278526
222.410475,103,203.988065
222.667054,104,204.053574
222.203174,103,204.116091
222.231695,103,204.182193
221.793167,102,204.245041
-2.777209,500,204.563761
222.166681,102,205.284947
222.948614,104,205.350456
222.45158,103,205.416965
222.071877,103,205.480965
222.959077,104,205.547074
222.029825,103,205.612647
222.065675,103,205.675647
222.420639,103,205.742157
222.252932,103,205.806669
221.895338,102,205.871662
222.453879,103,206.584624
222.334935,103,206.650043
222.792579,104,206.716555
223.10488,105,206.783554
222.205082,102,206.849066
222.27004,103,206.91458
222.459518,103,206.980278
223.480688,106,207.047787
222.249089,103,207.113296
222.192451,103,207.179295
222.459996,103,207.894376
222.00443,102,207.958882
222.742761,104,208.02339
222.896215,104,208.08739
222.503623,103,208.152901
222.791231,104,208.219408
222.903426,104,208.284409
222.813314,104,208.350508
222.707902,104,208.416001
221.98707,102,208.482778
222.266665,103,209.197741
222.012623,102,209.262251
222.140536,103,209.327763
222.01091,102,209.391857
222.156941,102,209.455932
222.27581,103,209.52044
223.01291,105,209.585107
222.380776,103,209.650543
222.455408,103,209.715053
222.81418,104,209.781605
222.534761,103,210.493471
222.821405,104,210.558603
222.100091,103,210.624637
222.735535,104,210.690213
222.691741,104,210.753777
222.279814,103,210.81979
223.294056,105,210.885791
222.941867,104,210.952301
222.289413,103,211.018814
222.530972,103,211.083884
222.378098,103,211.803395
222.344642,103,211.868901
222.33969,103,211.93241
222.532306,104,211.998474
222.644658,104,212.064982
222.683743,104,212.131488
223.089673,105,212.197491
222.945975,105,212.264552
222.549634,103,212.329062
222.464272,104,213.043676
222.594206,103,213.110185
221.930127,102,213.175183
222.418068,103,213.240693
222.691932,103,213.305696
222.6324,103,213.371202
222.775094,104,213.43571
222.959302,105,213.502715
222.834045,104,213.568218
222.689483,104,213.634732
222.884972,104,214.348323
222.405207,103,214.414835
222.538646,103,214.477835
222.07664,102,214.543341
222.58621,103,214.608507
222.256657,103,214.675507
222.282949,103,214.741117
222.78718,104,214.809631
222.390102,103,214.88681
222.820054,104,214.957915
222.417956,103,215.699658
222.772129,104,215.766112
222.534058,103,215.832625
222.95709,104,215.898627
222.67031,104,215.963739
222.85957,104,216.028208
221.996158,102,216.094213
222.837194,104,216.161718
223.0582,104,216.226749
222.655306,104,216.293747
222.288118,102,216.991049
222.164481,102,217.05056
222.802316,104,217.121069
222.47759,103,217.187248
222.787228,104,217.251834
222.674946,104,217.31052
222.535113,103,217.362521
222.058453,102,217.410531
222.853312,104,217.463035
222.979419,104,217.518541
221.902123,102,218.120111
222.159823,102,218.173111
222.24444,102,218.226618
222.992384,104,218.283618
222.187439,103,218.340133
222.719811,103,218.395134
22.75746,500,219.214862
222.17769,102,219.26186
222.411161,103,219.321629
222.840536,104,219.373135
222.36496,103,219.427685
222.627193,104,219.482696
222.929324,104,219.531203
222.338461,103,219.587204
222.54499,104,219.644709
222.406117,103,219.703712
223.31448,105,220.296768
222.23474,102,220.348272
222.259849,103,220.397273
222.830075,103,220.446779
222.933922,104,220.498781
223.277145,105,220.55579
221.886085,102,220.609918
222.980209,104,220.663208
221.720451,102,220.718717
222.442339,103,220.769717
222.404176,103,221.385857
222.783546,104,221.441364
222.910641,105,221.49964
223.018576,104,221.554185
222.019047,102,221.609168
222.43259,103,221.661674
223.334731,105,221.720187
222.857243,104,221.771186
222.667856,104,221.819693
222.507974,103,221.868693
223.250943,105,222.463931
222.45827,103,222.512065
222.865689,104,222.560066
222.654007,103,222.613103
222.912693,104,222.673104
222.702218,103,222.720608
222.803107,104,222.773608
223.532301,106,222.827121
222.595528,103,222.875121
222.703917,104,222.923631
222.611216,104,223.500198
222.450105,103,223.552333
222.905159,104,223.601409
222.703215,104,223.659716
222.712348,104,223.71727
222.865735,104,223.77678
222.36364,103,223.825287
222.643249,103,223.87752
223.266878,105,223.931029
222.873343,104,223.985029
222.392319,103,224.58319
222.107995,102,224.633163
221.894109,102,224.683168
222.82841,104,224.74067
222.406774,103,224.79267
222.42408,103,224.844177
222.559468,103,224.894176
222.815207,104,224.946685
222.619119,103,224.998688
222.182617,103,225.052773
222.419591,103,225.65582
222.837893,104,225.710825
223.062758,105,225.77033
223.052206,105,225.825652
222.631773,103,225.875693
223.207035,105,225.93171
222.194873,102,225.98771
222.526488,103,226.042221
222.89824,104,226.102224
222.284139,103,226.758744
222.662491,104,226.813248
222.667624,104,226.871251
223.072431,105,226.924583
222.6712,103,226.981628
222.56445,103,227.035136
222.519341,103,227.088136
222.909116,104,227.147642
222.438972,103,227.202644
222.988296,104,227.253152
222.700671,103,227.846877
222.51094,103,227.903878
22.346718,500,228.171736
221.80212,102,228.225249
221.705346,102,228.273249
44.361633,500,229.057428
221.703668,102,229.113945
222.142245,102,229.166428
223.02599,104,229.218952
222.238073,103,229.270953
222.48288,103,229.31946
22.592283,500,230.16135
222.582743,104,230.222438
222.608234,104,230.283437
222.772528,104,230.33695
222.562457,104,230.39595
222.33229,103,230.453468
222.010621,102,230.505467
222.366974,104,230.560077
221.844765,102,231.308292
222.313838,103,231.373796
222.220872,103,231.440312
222.660521,103,231.506316
222.685475,104,231.571825
222.113146,103,231.637333
221.646122,102,231.702337
223.033001,105,231.768845
222.171449,102,231.834355
222.678787,104,232.560892
222.891054,104,232.629973
222.803546,104,232.697974
222.560468,103,232.770102
222.603908,104,232.840174
222.419143,104,232.912311
222.747371,105,232.982779
222.982042,104,233.051296
222.420754,103,233.120769
222.508407,103,233.187771
223.083445,105,233.897597
221.396136,101,233.96011
222.247251,102,234.024634
222.119669,102,234.089628
222.177692,103,234.155142
222.065281,102,234.220654
222.414217,103,234.285656
222.6486,103,234.349166
222.907801,104,234.415661
223.133168,105,234.474122
222.795515,104,235.170445
223.064033,105,235.232955
222.878655,104,235.296957
222.612447,103,235.363018
222.397478,103,235.427529
223.513568,106,235.494529
222.599752,103,235.55104
223.032874,104,235.614628
223.460274,106,235.681137
222.607514,103,235.746645
222.661159,104,236.450437
222.734355,104,236.508542
222.741853,103,236.57358
223.058771,104,236.636384
222.884773,104,236.701441
222.945474,105,236.767504
222.91467,104,236.835017
222.848302,104,236.900016
222.837258,104,236.966565
222.917444,104,237.027784
222.953866,104,237.740455
-2.606661,500,238.058558
222.243745,103,238.12407
222.626993,104,238.190162
222.561255,103,238.255579
222.462615,103,238.32175
221.518526,101,239.029571
222.958445,104,239.08848
222.032616,102,239.14765
222.936831,104,239.214655
222.626255,104,239.279702
221.910924,102,239.343738
223.280087,105,239.409741
222.368572,103,239.475249
222.625215,103,239.540765
222.448986,103,239.606779
222.651892,103,240.294682
222.442529,103,240.359206
222.482339,103,240.423712
22.513268,500,240.735533
222.266352,103,240.800532
221.891618,102,240.865041
221.929798,102,241.59485
222.764099,104,241.66036
222.564274,103,241.724379
222.437357,103,241.785889
223.447904,106,241.8544
222.562057,103,241.919904
221.895077,102,241.984976
221.972733,102,242.048486
222.330186,103,242.113491
222.096147,103,242.177998
222.413662,103,242.878646
222.676666,104,242.945156
22.353209,500,243.259972
222.666657,104,243.326481
222.11267,102,243.390576
221.945411,102,243.448992
222.531658,103,244.147568
222.489686,103,244.213569
222.731031,103,244.280075
223.128124,105,244.347585
222.226129,102,244.405587
223.112038,105,244.472096
223.014749,104,244.538363
222.262256,103,244.603485
223.165067,105,244.669085
222.74203,104,244.736504
222.665826,104,245.44968
222.801804,104,245.515682
222.897661,104,245.57819
223.266294,106,245.635681
222.920384,104,245.701681
222.603236,103,245.767191
222.877229,104,245.8337
222.256087,102,245.892702
222.532714,103,245.957777
222.433006,102,246.022286
223.131557,105,246.708493
222.978089,105,246.770094
222.474854,103,246.835508
223.376633,106,246.901507
222.482096,103,246.960021
222.855487,104,247.026582
222.19456,103,247.086582
222.411638,103,247.152089
221.764363,102,247.216091
223.289147,105,247.282681
222.895325,104,247.985551
223.049398,105,248.049061
222.735823,104,248.116065
222.673929,104,248.17457
222.650131,103,248.234081
222.439518,103,248.300083
222.552751,103,248.366593
222.460512,103,248.432102
222.555203,103,248.491104
222.97933,104,248.550753
221.979093,103,249.232877
222.041389,102,249.295877
223.073897,105,249.358388
222.936059,105,249.423895
222.498496,104,249.489896
223.337281,105,249.55641
223.310132,105,249.621123
222.897875,104,249.685732
222.292862,103,249.750243
222.632615,104,250.612258
223.313528,105,250.682794
222.71251,104,250.749278
222.78245,104,250.815282
222.920508,104,250.883868
222.443383,103,250.948944
222.647025,103,251.020948
222.43876,103,251.083606
222.670219,103,251.148119
222.911082,105,251.21463
222.800463,104,251.932492
222.619453,103,251.997547
223.428236,105,252.065059
222.738488,104,252.406099
222.670967,104,252.472608
223.337908,106,252.537188
223.134335,105,252.598188
223.206876,106,252.662698
222.899793,104,252.729208
222.766597,104,252.794208
222.901244,104,253.499303
223.157331,105,253.565812
221.9709,103,253.626394
222.835382,104,253.692395
223.110318,105,253.758903
222.47719,103,253.825409
222.749788,104,253.892416
222.073767,102,253.951012
223.057582,104,254.011085
223.104933,105,254.079098
222.939541,104,254.794504
222.414333,103,254.860013
222.363734,103,254.92655
222.342776,104,254.99355
223.122119,105,255.058807
222.160734,103,255.120811
222.3421,103,255.185666
223.049062,105,255.253178
221.907281,102,255.31718
222.167574,102,255.379685
222.686133,103,256.079362
222.29725,103,256.144346
223.112389,105,256.205163
222.338578,103,256.270679
223.072503,105,256.337189
223.059795,105,256.403191
222.281957,102,256.468702
222.82027,104,256.535338
222.74983,104,256.600424
221.871793,102,256.666454
222.390494,103,257.369387
222.493674,103,257.434915
223.085372,105,257.497999
221.845169,102,257.562508
223.120704,105,257.629413
222.1072,103,257.689415
222.184408,102,257.753931
222.54845,103,257.818934
222.849305,105,257.884441
222.796875,104,257.948949
221.597192,102,258.647821
222.455128,103,258.715394
222.703783,104,258.7799
222.662323,104,258.841934
222.796262,104,258.907933
222.892531,105,258.975444
222.987151,105,259.041953
223.047546,104,259.106954
222.64442,104,259.171464
221.574671,102,259.86703
222.568756,104,259.932371
222.79379,104,259.999371
223.054774,105,260.064885
223.271574,105,260.132399
222.867928,104,260.1964
222.602131,103,260.2509
222.990572,105,260.315903
222.965634,104,260.380414
223.578502,107,260.449654
223.046037,105,261.169497
222.602662,103,261.235009
222.572305,103,261.297025
223.297048,105,261.359534
223.032732,105,261.426538
223.012436,105,261.493042
222.864358,104,261.555557
221.895923,102,261.619561
222.76538,104,261.686069
222.412641,103,261.747094
222.040532,102,262.460348
222.556956,103,262.524444
222.066309,102,262.594912
222.356874,103,262.667994
222.789287,104,262.734575
222.298834,103,262.797573
222.379959,103,262.861969
222.239517,102,262.925023
222.414231,103,262.983532
222.27955,103,263.053039
222.563394,104,263.814002
221.369582,101,263.879046
222.867964,104,263.941152
223.15269,105,264.009149
222.5605,104,264.077236
222.874618,104,264.149748
222.69997,104,264.218752
222.131096,102,264.28426
222.414865,103,264.34977
221.676051,102,264.41077
222.436628,104,265.118652
222.614709,103,265.173155
221.555354,102,265.237669
222.998237,105,265.304669
221.699503,102,265.362701
222.472782,103,265.425719
222.271825,102,265.48823
222.747653,104,265.55375
43.996747,500,266.544961
223.082919,105,266.615507
222.803484,104,266.680019
223.190652,105,266.739526
222.816788,104,266.803042
222.422211,103,266.866059
222.825586,104,266.939925
221.453352,102,267.005033
222.628704,103,267.698636
222.659776,104,267.758145
221.854349,103,267.824149
222.656566,104,267.887657
222.898056,104,267.949167
222.773215,104,268.014165
222.423045,104,268.080677
222.936192,104,268.143185
222.762048,104,268.208751
222.603341,104,268.274772
222.139733,103,268.983804
222.759346,103,269.050312
223.252077,105,269.111301
222.953865,104,269.173399
222.980332,104,269.233415
223.316509,105,269.299415
222.669309,103,269.363923
223.243681,105,269.429925
222.745872,104,269.495432
222.550056,103,269.559939
222.85323,104,270.259326
223.072639,104,270.32533
223.232206,106,270.39336
222.579248,103,270.458411
223.519882,106,270.526544
222.86901,104,270.59305
222.958216,104,270.654565
223.39131,106,270.722572
223.108654,105,270.788078
223.028949,104,271.513868
223.082396,104,271.581382
222.963165,104,271.646494
223.542585,106,271.714495
222.824107,104,271.780795
222.818888,104,271.846304
222.839589,105,271.912831
222.618588,103,271.974397
223.101834,105,272.039906
222.928597,104,272.103907
223.324608,106,272.823236
222.822237,104,272.889744
223.347959,106,272.957256
222.334683,103,273.021262
222.477674,104,273.082768
223.132416,106,273.141279
222.666736,103,273.20628
222.848162,104,273.269512
222.650584,104,273.334016
222.989481,104,273.393092
222.876855,104,274.107273
222.304778,103,274.172782
223.227732,105,274.233787
222.443472,103,274.29497
222.887247,104,274.358482
223.03425,105,274.422486
222.337594,103,274.483993
222.654975,103,274.545165
222.919156,104,274.610857
222.914644,105,274.669367
223.157541,105,275.373244
21.913108,500,275.690321
222.922967,104,275.756832
222.642208,103,275.821836
222.690234,103,275.885341
222.391592,103,275.949857
222.575125,103,276.662025
223.0947,104,276.727028
222.568595,103,276.789533
222.39195,103,276.84805
222.862297,104,276.914048
222.838678,104,276.979602
222.870326,104,277.043114
222.871961,104,277.106114
223.187089,105,277.162627
222.42271,104,277.218632
222.390918,104,277.918577
223.096082,105,277.984102
222.603408,103,278.049613
222.87715,104,278.113612
222.357703,104,278.179123
223.189855,105,278.243633
222.862698,104,278.307634
222.685111,104,278.373149
222.742637,104,278.438654
222.663782,104,278.503657
222.85897,104,279.201851
223.019842,105,279.268932
223.113338,105,279.335934
222.725559,103,279.400192
222.893327,104,279.465704
223.22181,105,279.526707
222.258039,103,279.581219
223.347834,106,279.640236
222.817525,104,279.706235
222.536901,103,279.765744
222.681483,104,280.483581
222.854126,104,280.550192
222.890717,104,280.616703
222.589309,104,280.68221
222.557517,103,280.747724
222.936239,105,280.811732
221.950904,102,280.87024
222.834058,104,280.935344
222.62413,103,281.001853
222.869327,104,281.720694
223.247806,106,281.784208
222.303898,103,281.849381
222.591244,103,281.913381
223.154073,105,281.979564
222.491651,103,282.043075
223.237361,105,282.100272
222.574336,103,282.157337
45.542192,500,283.112788
222.86818,104,283.178302
222.897568,104,283.242447
222.660025,103,283.307538
223.161237,105,283.372956
222.744083,104,283.436958
222.241974,102,283.500465
222.583171,104,283.561182
221.668508,101,284.258582
222.619372,103,284.323661
222.612073,103,284.388331
222.249361,102,284.442844
222.444248,103,284.496848
222.621554,103,284.555949
222.190461,103,284.614776
223.18608,105,284.675294
222.335675,103,284.740798
221.956256,102,284.801799
222.283497,102,285.484064
222.380963,103,285.549402
223.518468,106,285.617487
223.140437,104,285.68391
222.85527,104,285.750423
222.443886,103,285.814424
222.537868,103,285.878936
222.665288,103,285.943447
223.116094,105,286.007445
222.621088,103,286.072955
223.234604,105,286.808284
222.732856,103,286.877339
222.618734,103,286.942849
222.698149,104,287.004467
222.690645,103,287.070506
223.134845,105,287.135509
222.495106,103,287.188559
221.748749,103,287.252713
222.746655,103,287.317714
222.38149,103,287.382229
222.581955,103,288.082472
222.397448,103,288.141979
222.608562,103,288.205979
222.654957,104,288.272491
223.047662,105,288.331494
222.480639,103,288.386
222.927453,104,288.450513
223.10921,104,288.518658
223.28673,105,288.584823
22.451321,500,289.531132
221.515122,101,289.59522
223.276067,106,289.662729
222.710163,104,289.726306
223.146998,105,289.792817
222.68888,103,289.855326
223.117223,105,289.921465
223.159481,105,290.632386
223.071611,105,290.699524
223.549035,106,290.766779
222.851165,104,290.829931
223.119268,105,290.895436
222.820033,104,290.960947
222.216713,103,291.025947
223.063339,105,291.0905
222.749606,104,291.155011
222.1577,102,291.220012
222.863986,104,291.990585
222.866242,104,292.055095
-2.342989,500,292.378263
222.803826,104,292.44453
223.069964,104,292.508672
222.552633,103,292.571182
222.828754,104,293.307213
223.350716,105,293.374726
222.930599,104,293.439731
222.332591,102,293.50624
223.202576,105,293.573564
222.38022,103,293.63958
222.979797,104,293.705087
223.009535,104,293.773604
222.983619,104,293.839607
223.319718,106,293.907115
222.861936,104,294.625193
223.128856,105,294.692598
222.885119,104,294.759109
222.49163,103,294.826109
222.867027,104,294.889579
222.608773,103,294.952093
222.78891,103,295.017092
222.782093,104,295.087068
222.446497,103,295.150255
223.392313,106,295.216765
222.485611,103,295.939557
222.79682,104,296.006594
222.829883,104,296.073668
222.816802,103,296.138673
223.376455,105,296.20418
223.260276,105,296.27069
222.843316,103,296.335691
222.827017,104,296.4012
222.691455,103,296.46771
222.581703,103,297.184954
222.608878,103,297.251628
222.07031,102,297.31724
43.964444,500,297.635721
222.605138,103,297.700229
222.935502,104,297.767742
222.032317,102,298.492421
222.496811,103,298.551034
221.855553,102,298.607209
222.88163,104,298.669719
222.779425,104,298.734722
222.867854,104,298.800228
222.638704,103,298.864777
222.564328,103,298.92987
222.530935,103,298.994289
222.398902,103,299.058798
222.873503,104,299.788028
222.446662,103,299.853541
222.85592,104,299.91854
222.820035,104,299.983051
222.760161,104,300.045559
222.729061,104,300.109559
222.980295,104,300.173069
222.610511,103,300.236082
222.869719,104,300.301594
222.467163,103,300.367106
222.837092,104,301.07979
223.111263,105,301.144303
223.138391,105,301.210308
222.911467,104,301.278822
222.859885,104,301.344328
222.590353,104,301.410332
222.879359,104,301.479691
223.358526,106,301.549588
222.723538,104,301.614265
223.114541,105,301.680453
222.925541,105,302.404302
222.563431,104,302.470915
222.517314,104,302.534585
223.191468,105,302.600963
223.291689,106,302.664128
223.327063,106,302.72413
222.600919,104,302.783642
222.922535,105,302.847152
222.569962,103,302.90415
223.506233,107,302.971749
223.035228,105,303.703684
223.123924,105,303.77108
223.34702,106,303.83719
222.594718,103,303.898695
223.1067,105,303.96381
221.991508,102,304.02381
222.606053,104,304.087318
222.45598,104,304.153824
222.545534,103,304.215824
223.323406,106,304.284337
222.170414,103,304.979593
222.33144,103,305.044596
222.391542,103,305.111103
222.635012,104,305.176611
222.878411,104,305.238615
222.744079,104,305.310119
223.058287,105,305.376402
223.116385,105,305.441406
222.9991,105,305.507911
222.708765,104,305.573424
223.302084,106,306.303112
223.143329,105,306.367161
223.20052,105,306.433163
222.249688,103,306.498673
223.187206,105,306.564372
222.544598,103,306.630342
223.112467,105,306.696855
222.779432,104,306.762363
223.01384,105,306.829363
223.208013,105,307.535919
222.744685,104,307.6011
222.337319,103,307.666615
222.231475,102,307.731614
222.928506,104,307.792129
222.312928,102,307.849638
222.421129,103,307.911836
222.845819,104,307.971343
222.890687,104,308.036197
223.266064,105,308.097439
222.416997,103,308.795861
222.299907,103,308.859971
221.856339,102,308.921969
222.140265,103,308.980478
222.572646,103,309.035483
222.050833,102,309.099991
222.471634,103,309.165501
221.852181,102,309.229557
22.147892,500,310.184343
222.571026,103,310.246622
222.364852,103,310.308199
223.120473,105,310.374773
221.831691,102,310.437777
222.114616,102,310.503289
222.421018,103,310.566916
44.524027,500,311.525414
222.851174,104,311.588928
222.893372,104,311.65545
222.830825,104,311.72045
222.372796,103,311.785966
222.85368,104,311.850969
222.8563,104,311.912328
222.405584,103,312.613416
222.463772,103,312.675665
222.146324,102,312.738675
222.292801,103,312.804947
222.353973,103,312.873034
221.900374,102,312.936031
222.277281,103,313.000727
222.242174,102,313.065239
222.170305,102,313.124238
222.324122,103,313.189752
222.542714,103,313.895904
222.438881,103,313.960415
221.890038,102,314.024414
22.208695,500,314.323586
222.26154,102,314.388095
222.031102,102,314.451901
222.346629,103,315.168956
221.774601,102,315.232957
221.955726,102,315.563646
222.11197,102,315.630647
222.303702,103,315.687759
222.197614,102,315.750761
222.16041,102,315.815271
